,accuracy,failure_count,total_entries
0,0.8172661870503597,123,818
1,0.8169761273209549,64,818
2,0.8205461638491548,49,818
