,accuracy,failure_count,total_entries
0,0.8785276073619632,3,818
1,0.8774509803921569,2,818
2,0.8776009791921665,1,818
