,average_error,off_by_05,pearson_corr,failure_count,total_entries
0,-0.04319371727748691,0.6173647469458988,0.6152398419721712,214,2506
1,-0.0513338722716249,0.6135812449474535,0.6180157855951264,32,2506
2,-0.05002000800320128,0.6126450580232092,0.6175205184158595,7,2506
