,accuracy,failure_count,total_entries
0,0.8328611898016998,112,818
1,0.835781041388518,69,818
2,0.8339869281045752,53,818
