,average_error,off_by_05,pearson_corr,failure_count,total_entries
0,0.3272058823529412,0.5211937716262975,0.445312113701191,194,2506
1,0.3358421480878763,0.51586655817738,0.4421196660901996,48,2506
2,0.33722334004024146,0.5158953722334004,0.4414321989300913,21,2506
