,accuracy,failure_count,total_entries
0,0.89375,18,818
1,0.8909541511771994,11,818
2,0.8910891089108911,10,818
