,average_error,off_by_05,pearson_corr,failure_count,total_entries
0,0.43934557063048685,0.5646448523543496,0.5884971207057397,0,2506
