,accuracy,failure_count,total_entries
0,0.7193500738552437,141,818
1,0.7273972602739726,88,818
2,0.7304582210242587,76,818
