,average_error,off_by_05,pearson_corr,failure_count,total_entries
0,1.662486659551761,0.23745997865528282,0.1944788070448579,632,2506
1,1.644307149161518,0.24139452780229478,0.19334308236191577,240,2506
2,1.6329140461215932,0.24025157232704403,0.20009447087037355,121,2506
