,accuracy,failure_count,total_entries
0,0.7137404580152672,32,818
1,0.7119496855345911,23,818
2,0.7117794486215538,20,818
