,accuracy,failure_count,total_entries
0,0.8575197889182058,60,818
1,0.8599221789883269,47,818
2,0.8606451612903225,43,818
