,average_error,off_by_05,pearson_corr,failure_count,total_entries
0,0.6512096774193549,0.505241935483871,0.6227586541469698,26,2506
1,0.6519823788546255,0.5058069683620344,0.6224658405080374,9,2506
2,0.652139144342263,0.505797680927629,0.6221191251626494,5,2506
