,accuracy,failure_count,total_entries
0,0.8742774566473989,126,818
1,0.8779803646563815,105,818
2,0.8793342579750347,97,818
