,average_error,off_by_05,pearson_corr,failure_count,total_entries
0,0.23002523128679564,0.5841042893187552,0.6043491757096187,128,2506
1,0.22235673930589184,0.5847457627118644,0.6044857339508036,28,2506
2,0.22384769539078156,0.5843687374749499,0.6033936030145942,11,2506
