,accuracy,failure_count,total_entries
0,0.631578947368421,666,818
1,0.6266666666666667,593,818
2,0.6360153256704981,557,818
