,accuracy,failure_count,total_entries
0,0.14102564102564102,584,818
1,0.1339031339031339,467,818
2,0.1360381861575179,399,818
