,average_error,off_by_05,pearson_corr,failure_count,total_entries
0,0.6396025206010664,0.46049442559379544,0.4487355963899628,443,2506
1,0.628029969149405,0.45658880564125165,0.44908185488315044,237,2506
2,0.6292693471681798,0.45525291828793774,0.4488400252705043,193,2506
