,accuracy,failure_count,total_entries
0,0.7580071174377224,537,818
1,0.7652173913043478,473,818
2,0.7628032345013477,447,818
