,accuracy,failure_count,total_entries
0,0.5306122448979592,769,818
1,0.5342465753424658,745,818
2,0.5686274509803921,716,818
