,accuracy,failure_count,total_entries
0,0.8150807899461401,261,818
1,0.800599700149925,151,818
2,0.8011444921316166,119,818
