,average_error,off_by_05,pearson_corr,failure_count,total_entries
0,0.43926332288401254,0.5227272727272727,0.46422203963092284,1230,2506
1,0.43380614657210403,0.49527186761229314,0.4321877119915838,814,2506
2,0.45068205666316896,0.4858342077649528,0.4345091147944031,600,2506
