,accuracy,failure_count,total_entries
0,0.6237785016286646,204,818
1,0.6415362731152204,115,818
2,0.6364883401920439,89,818
