,average_error,off_by_05,pearson_corr,failure_count,total_entries
0,2.003831417624521,0.1839080459770115,0.14298442398712458,2245,2506
1,2.02289156626506,0.163855421686747,0.19647705636505405,2091,2506
2,2.0406189555125724,0.16247582205029013,0.16933496219857014,1989,2506
