,accuracy,failure_count,total_entries
0,0.716931216931217,62,818
1,0.7191157347204161,49,818
2,0.7198443579766537,47,818
