,accuracy,failure_count,total_entries
0,0.8710144927536232,128,818
1,0.8720770288858322,91,818
2,0.8741633199464525,71,818
