,average_error,off_by_05,pearson_corr,failure_count,total_entries
0,-0.0012009607686148918,0.588470776621297,0.5717988314412736,8,2506
1,-0.0011976047904191617,0.5888223552894212,0.5727931662304796,1,2506
2,-0.0011976047904191617,0.5888223552894212,0.5727931662304796,1,2506
