,accuracy,failure_count,total_entries
0,0.6989795918367347,230,818
1,0.6993957703927492,156,818
2,0.7043478260869566,128,818
