,accuracy,failure_count,total_entries
0,0.7228412256267409,100,818
1,0.7257217847769029,56,818
2,0.7263294422827496,47,818
