,accuracy,failure_count,total_entries
0,0.45018450184501846,547,818
1,0.4707379134860051,425,818
2,0.4785553047404063,375,818
