,average_error,off_by_05,pearson_corr,failure_count,total_entries
0,2.0753828032979977,0.13427561837455831,0.10007185291384704,808,2506
1,2.0680112570356473,0.1327392120075047,0.10532359657424564,374,2506
2,2.0626614987080103,0.13652024117140396,0.10524361678567767,184,2506
