,accuracy,failure_count,total_entries
0,0.6274509803921569,716,818
1,0.6307692307692307,688,818
2,0.6216216216216216,670,818
