,accuracy,failure_count,total_entries
0,0.8562874251497006,150,818
1,0.8502604166666666,50,818
2,0.8488664987405542,24,818
