,average_error,off_by_05,pearson_corr,failure_count,total_entries
0,0.6425718849840255,0.5179712460063898,0.5438466733259604,2,2506
1,0.6419161676646706,0.5181636726546907,0.54402472831456,1,2506
2,0.6432561851556265,0.5183559457302475,0.545612129200323,0,2506
