,accuracy,failure_count,total_entries
0,0.7961309523809523,146,818
1,0.8005427408412483,81,818
2,0.8018372703412073,56,818
