,average_error,off_by_05,pearson_corr,failure_count,total_entries
0,0.2867978679786798,0.5239852398523985,0.4995336661270341,67,2506
1,0.2800480769230769,0.5232371794871795,0.5035475348368739,10,2506
2,0.28068772491003596,0.523390643742503,0.5034054678986354,5,2506
