,accuracy,failure_count,total_entries
0,0.5805142083897158,79,818
1,0.5821287779237845,57,818
2,0.5902061855670103,42,818
