,average_error,off_by_05,pearson_corr,failure_count,total_entries
0,1.7898950855880729,0.1789066813914964,0.07347137682582078,695,2506
1,1.78511038046031,0.17942696101456082,0.07226985945636068,377,2506
2,1.788691796008869,0.17694013303769401,0.07586931536847738,251,2506
