,accuracy,failure_count,total_entries
0,0.7177177177177178,485,818
1,0.7462311557788944,420,818
2,0.7607223476297968,375,818
