,average_error,off_by_05,pearson_corr,failure_count,total_entries
0,2.0895075931891394,0.15554532903819604,0.322125317511385,333,2506
1,2.0979643765903306,0.15436810856658184,0.32383503015605397,148,2506
2,2.1049459684123026,0.15295095594347466,0.32265869278851445,100,2506
