,accuracy,failure_count,total_entries
0,0.4698275862068966,586,818
1,0.46579804560260585,511,818
2,0.4662756598240469,477,818
