,average_error,off_by_05,pearson_corr,failure_count,total_entries
0,2.2,0.12,-0.08261316481420523,2481,2506
1,2.6206896551724137,0.06896551724137931,-0.07383092056529356,2448,2506
2,2.68125,0.05,-0.08183291739121568,2426,2506
