,accuracy,failure_count,total_entries
0,0.4659090909090909,642,818
1,0.45491803278688525,574,818
2,0.44329896907216493,527,818
