,average_error,off_by_05,pearson_corr,failure_count,total_entries
0,3.7222222222222223,0.0,0.12500000000000006,2497,2506
1,3.369565217391304,0.0,0.15330025152617466,2483,2506
2,3.21875,0.0,-0.15297882295080528,2474,2506
