,accuracy,failure_count,total_entries
0,0.841886269070735,97,818
1,0.8463611859838275,76,818
2,0.8466666666666667,68,818
