,average_error,off_by_05,pearson_corr,failure_count,total_entries
0,0.4584673097534834,0.49142550911039656,0.46636076428171624,640,2506
1,0.4680897887323944,0.4925176056338028,0.4587413627034994,234,2506
2,0.46485355648535565,0.4924686192468619,0.4570676207547301,116,2506
