,accuracy,failure_count,total_entries
0,0.8099838969404187,197,818
1,0.8130563798219584,144,818
2,0.8151382823871907,131,818
