,average_error,off_by_05,pearson_corr,failure_count,total_entries
0,1.5035211267605635,0.2507042253521127,0.2550909735951545,1086,2506
1,1.5272182906913445,0.2493195427327164,0.2489006162820864,669,2506
2,1.5427794263105836,0.24480712166172106,0.24533458653057122,484,2506
