,accuracy,failure_count,total_entries
0,0.7716049382716049,170,818
1,0.7801120448179272,104,818
2,0.7776261937244202,85,818
