,accuracy,failure_count,total_entries
0,0.7954545454545454,114,818
1,0.7959731543624161,73,818
2,0.7962962962962963,62,818
