,average_error,off_by_05,pearson_corr,failure_count,total_entries
0,0.7227369921596579,0.41625089094796863,0.2851762694455942,1103,2506
1,0.7006420545746388,0.41359015516318887,0.266889842494332,637,2506
2,0.7094529750479847,0.41362763915547024,0.27437262878678026,422,2506
