,accuracy,failure_count,total_entries
0,0.5096359743040685,351,818
1,0.4991243432574431,247,818
2,0.48792270531400966,197,818
