,average_error,off_by_05,pearson_corr,failure_count,total_entries
0,1.8584905660377358,0.16981132075471697,0.03577221477417028,2453,2506
1,1.9791666666666667,0.15625,0.04671040684174617,2410,2506
2,1.903973509933775,0.18543046357615894,0.08246978277418814,2355,2506
