,accuracy,failure_count,total_entries
0,0.7411347517730497,254,818
1,0.7330173775671406,185,818
2,0.7374810318664643,159,818
