,accuracy,failure_count,total_entries
0,0.6735112936344969,331,818
1,0.688,193,818
2,0.687125748502994,150,818
