,accuracy,failure_count,total_entries
0,0.8297872340425532,207,818
1,0.8180451127819549,153,818
2,0.818577648766328,129,818
